{
    "train": {
        "loss": 0.6077091693878174,
        "accuracy": 0.6716836094856262
    },
    "eval": {
        "loss": 0.6434710025787354,
        "accuracy": 0.6456653475761414
    },
    "step": 9
}
