{
    "train": {
        "loss": 0.5485146641731262,
        "accuracy": 0.7206249833106995
    },
    "eval": {
        "loss": 0.533409833908081,
        "accuracy": 0.7298387289047241
    },
    "step": 9
}
