step	accuracy
0	0.6214717626571655
1	0.6880040168762207
2	0.7061492204666138
3	0.7217742204666138
4	0.6819556355476379
5	0.7247983813285828
6	0.7177419066429138
7	0.7379032373428345
8	0.7384072542190552
9	0.7298387289047241
