step	accuracy
0	0.5005040168762207
1	0.6426411271095276
2	0.649193525314331
3	0.6542338728904724
4	0.6532257795333862
5	0.6512096524238586
6	0.6512096524238586
7	0.6572580933570862
8	0.6713709831237793
9	0.6456653475761414
