step	loss
0	0.7299379706382751
1	0.6610840559005737
2	0.6430973410606384
3	0.6340710520744324
4	0.6363550424575806
5	0.6280958652496338
6	0.625387966632843
7	0.6302934288978577
8	0.6094228625297546
9	0.6434710025787354
