step	loss
0	0.6547133326530457
1	0.590575098991394
2	0.5605216026306152
3	0.538795530796051
4	0.5846431255340576
5	0.5473537445068359
6	0.5537521243095398
7	0.5377191305160522
8	0.527774453163147
9	0.533409833908081
