step	accuracy
0	0.5846250057220459
1	0.6447499990463257
2	0.6708750128746033
3	0.6743749976158142
4	0.6821249723434448
5	0.6911249756813049
6	0.700124979019165
7	0.6966249942779541
8	0.7123749852180481
9	0.7206249833106995
