step	loss
0	0.7156867384910583
1	0.6850894689559937
2	0.6703493595123291
3	0.6601287722587585
4	0.6441692113876343
5	0.6413494944572449
6	0.6316403150558472
7	0.6195638179779053
8	0.6264306902885437
9	0.6077091693878174
